N5.HOG0047987	Clupea_harengus	XM_031580274	NC_045165.1:18005028-18014740	SRR26322996	Clupea_harengus
N5.HOG0047987	Clupea_harengus	XM_031580274	NC_045165.1:18005028-18014740	SRR26322995	Clupea_harengus
N5.HOG0047987	Clupea_harengus	XM_031580274	NC_045165.1:18005028-18014740	SRR32203436	Clupea_harengus
N5.HOG0047987	Clupea_harengus	XM_031580274	NC_045165.1:18005028-18014740	SRR17921806	Hypomesus_transpacificus
N5.HOG0047987	Clupea_harengus	XM_031580274	NC_045165.1:18005028-18014740	SRR17799534	Hypomesus_transpacificus
N5.HOG0047987	Clupea_harengus	XM_031580274	NC_045165.1:18005028-18014740	ERR10934070	Borostomias_antarcticus
N5.HOG0047987	Clupea_harengus	XM_031580274	NC_045165.1:18005028-18014740	ERR10934071	Borostomias_antarcticus
N5.HOG0047987	Clupea_harengus	XM_031580274	NC_045165.1:18005028-18014740	ERR10934069	Borostomias_antarcticus
N5.HOG0047987	Hypomesus_transpacificus	XM_047020147	NC_061064.1:5567558-5568688	SRR26322996	Clupea_harengus
N5.HOG0047987	Hypomesus_transpacificus	XM_047020147	NC_061064.1:5567558-5568688	SRR26322995	Clupea_harengus
N5.HOG0047987	Hypomesus_transpacificus	XM_047020147	NC_061064.1:5567558-5568688	SRR32203436	Clupea_harengus
N5.HOG0047987	Hypomesus_transpacificus	XM_047020147	NC_061064.1:5567558-5568688	SRR17921806	Hypomesus_transpacificus
N5.HOG0047987	Hypomesus_transpacificus	XM_047020147	NC_061064.1:5567558-5568688	SRR17799534	Hypomesus_transpacificus
N5.HOG0047987	Hypomesus_transpacificus	XM_047020147	NC_061064.1:5567558-5568688	ERR10934070	Borostomias_antarcticus
N5.HOG0047987	Hypomesus_transpacificus	XM_047020147	NC_061064.1:5567558-5568688	ERR10934071	Borostomias_antarcticus
N5.HOG0047987	Hypomesus_transpacificus	XM_047020147	NC_061064.1:5567558-5568688	ERR10934069	Borostomias_antarcticus
N5.HOG0047987	Hypomesus_transpacificus	XM_047033889	NC_061073.1:4644550-4644379	SRR26322996	Clupea_harengus
N5.HOG0047987	Hypomesus_transpacificus	XM_047033889	NC_061073.1:4644550-4644379	SRR26322995	Clupea_harengus
N5.HOG0047987	Hypomesus_transpacificus	XM_047033889	NC_061073.1:4644550-4644379	SRR32203436	Clupea_harengus
N5.HOG0047987	Hypomesus_transpacificus	XM_047033889	NC_061073.1:4644550-4644379	SRR17921806	Hypomesus_transpacificus
N5.HOG0047987	Hypomesus_transpacificus	XM_047033889	NC_061073.1:4644550-4644379	SRR17799534	Hypomesus_transpacificus
N5.HOG0047987	Hypomesus_transpacificus	XM_047033889	NC_061073.1:4644550-4644379	ERR10934070	Borostomias_antarcticus
N5.HOG0047987	Hypomesus_transpacificus	XM_047033889	NC_061073.1:4644550-4644379	ERR10934071	Borostomias_antarcticus
N5.HOG0047987	Hypomesus_transpacificus	XM_047033889	NC_061073.1:4644550-4644379	ERR10934069	Borostomias_antarcticus
N5.HOG0001647	Clupea_harengus	XM_031563501	NC_045177.1:7935408-7936998	SRR26322996	Clupea_harengus
N5.HOG0001647	Clupea_harengus	XM_031563501	NC_045177.1:7935408-7936998	SRR26322995	Clupea_harengus
N5.HOG0001647	Clupea_harengus	XM_031563501	NC_045177.1:7935408-7936998	SRR32203436	Clupea_harengus
N5.HOG0001647	Clupea_harengus	XM_031563501	NC_045177.1:7935408-7936998	SRR17921806	Hypomesus_transpacificus
N5.HOG0001647	Clupea_harengus	XM_031563501	NC_045177.1:7935408-7936998	SRR17799534	Hypomesus_transpacificus
N5.HOG0001647	Clupea_harengus	XM_031563501	NC_045177.1:7935408-7936998	ERR10934070	Borostomias_antarcticus
N5.HOG0001647	Clupea_harengus	XM_031563501	NC_045177.1:7935408-7936998	ERR10934071	Borostomias_antarcticus
N5.HOG0001647	Clupea_harengus	XM_031563501	NC_045177.1:7935408-7936998	ERR10934069	Borostomias_antarcticus
N5.HOG0001647	Clupea_harengus	XM_031564003	NC_045177.1:7955675-7957275	SRR26322996	Clupea_harengus
N5.HOG0001647	Clupea_harengus	XM_031564003	NC_045177.1:7955675-7957275	SRR26322995	Clupea_harengus
N5.HOG0001647	Clupea_harengus	XM_031564003	NC_045177.1:7955675-7957275	SRR32203436	Clupea_harengus
N5.HOG0001647	Clupea_harengus	XM_031564003	NC_045177.1:7955675-7957275	SRR17921806	Hypomesus_transpacificus
N5.HOG0001647	Clupea_harengus	XM_031564003	NC_045177.1:7955675-7957275	SRR17799534	Hypomesus_transpacificus
N5.HOG0001647	Clupea_harengus	XM_031564003	NC_045177.1:7955675-7957275	ERR10934070	Borostomias_antarcticus
N5.HOG0001647	Clupea_harengus	XM_031564003	NC_045177.1:7955675-7957275	ERR10934071	Borostomias_antarcticus
N5.HOG0001647	Clupea_harengus	XM_031564003	NC_045177.1:7955675-7957275	ERR10934069	Borostomias_antarcticus
N5.HOG0001647	Clupea_harengus	XM_031564001	NC_045177.1:7967164-7968756	SRR26322996	Clupea_harengus
N5.HOG0001647	Clupea_harengus	XM_031564001	NC_045177.1:7967164-7968756	SRR26322995	Clupea_harengus
N5.HOG0001647	Clupea_harengus	XM_031564001	NC_045177.1:7967164-7968756	SRR32203436	Clupea_harengus
N5.HOG0001647	Clupea_harengus	XM_031564001	NC_045177.1:7967164-7968756	SRR17921806	Hypomesus_transpacificus
N5.HOG0001647	Clupea_harengus	XM_031564001	NC_045177.1:7967164-7968756	SRR17799534	Hypomesus_transpacificus
N5.HOG0001647	Clupea_harengus	XM_031564001	NC_045177.1:7967164-7968756	ERR10934070	Borostomias_antarcticus
N5.HOG0001647	Clupea_harengus	XM_031564001	NC_045177.1:7967164-7968756	ERR10934071	Borostomias_antarcticus
N5.HOG0001647	Clupea_harengus	XM_031564001	NC_045177.1:7967164-7968756	ERR10934069	Borostomias_antarcticus
N5.HOG0001647	Clupea_harengus	XM_031564015	NC_045177.1:8013024-8011660	SRR26322996	Clupea_harengus
N5.HOG0001647	Clupea_harengus	XM_031564015	NC_045177.1:8013024-8011660	SRR26322995	Clupea_harengus
N5.HOG0001647	Clupea_harengus	XM_031564015	NC_045177.1:8013024-8011660	SRR32203436	Clupea_harengus
N5.HOG0001647	Clupea_harengus	XM_031564015	NC_045177.1:8013024-8011660	SRR17921806	Hypomesus_transpacificus
N5.HOG0001647	Clupea_harengus	XM_031564015	NC_045177.1:8013024-8011660	SRR17799534	Hypomesus_transpacificus
N5.HOG0001647	Clupea_harengus	XM_031564015	NC_045177.1:8013024-8011660	ERR10934070	Borostomias_antarcticus
N5.HOG0001647	Clupea_harengus	XM_031564015	NC_045177.1:8013024-8011660	ERR10934071	Borostomias_antarcticus
N5.HOG0001647	Clupea_harengus	XM_031564015	NC_045177.1:8013024-8011660	ERR10934069	Borostomias_antarcticus
N5.HOG0001647	Clupea_harengus	XM_031563896	NC_045177.1:8024634-8023252	SRR26322996	Clupea_harengus
N5.HOG0001647	Clupea_harengus	XM_031563896	NC_045177.1:8024634-8023252	SRR26322995	Clupea_harengus
N5.HOG0001647	Clupea_harengus	XM_031563896	NC_045177.1:8024634-8023252	SRR32203436	Clupea_harengus
N5.HOG0001647	Clupea_harengus	XM_031563896	NC_045177.1:8024634-8023252	SRR17921806	Hypomesus_transpacificus
N5.HOG0001647	Clupea_harengus	XM_031563896	NC_045177.1:8024634-8023252	SRR17799534	Hypomesus_transpacificus
N5.HOG0001647	Clupea_harengus	XM_031563896	NC_045177.1:8024634-8023252	ERR10934070	Borostomias_antarcticus
N5.HOG0001647	Clupea_harengus	XM_031563896	NC_045177.1:8024634-8023252	ERR10934071	Borostomias_antarcticus
N5.HOG0001647	Clupea_harengus	XM_031563896	NC_045177.1:8024634-8023252	ERR10934069	Borostomias_antarcticus
N5.HOG0001647	Hypomesus_transpacificus	XM_047032478	NC_061072.1:10554974-10556554	SRR26322996	Clupea_harengus
N5.HOG0001647	Hypomesus_transpacificus	XM_047032478	NC_061072.1:10554974-10556554	SRR26322995	Clupea_harengus
N5.HOG0001647	Hypomesus_transpacificus	XM_047032478	NC_061072.1:10554974-10556554	SRR32203436	Clupea_harengus
N5.HOG0001647	Hypomesus_transpacificus	XM_047032478	NC_061072.1:10554974-10556554	SRR17921806	Hypomesus_transpacificus
N5.HOG0001647	Hypomesus_transpacificus	XM_047032478	NC_061072.1:10554974-10556554	SRR17799534	Hypomesus_transpacificus
N5.HOG0001647	Hypomesus_transpacificus	XM_047032478	NC_061072.1:10554974-10556554	ERR10934070	Borostomias_antarcticus
N5.HOG0001647	Hypomesus_transpacificus	XM_047032478	NC_061072.1:10554974-10556554	ERR10934071	Borostomias_antarcticus
N5.HOG0001647	Hypomesus_transpacificus	XM_047032478	NC_061072.1:10554974-10556554	ERR10934069	Borostomias_antarcticus
N5.HOG0001647	Hypomesus_transpacificus	XM_047032552	NC_061072.1:10567310-10570228	SRR26322996	Clupea_harengus
N5.HOG0001647	Hypomesus_transpacificus	XM_047032552	NC_061072.1:10567310-10570228	SRR26322995	Clupea_harengus
N5.HOG0001647	Hypomesus_transpacificus	XM_047032552	NC_061072.1:10567310-10570228	SRR32203436	Clupea_harengus
N5.HOG0001647	Hypomesus_transpacificus	XM_047032552	NC_061072.1:10567310-10570228	SRR17921806	Hypomesus_transpacificus
N5.HOG0001647	Hypomesus_transpacificus	XM_047032552	NC_061072.1:10567310-10570228	SRR17799534	Hypomesus_transpacificus
N5.HOG0001647	Hypomesus_transpacificus	XM_047032552	NC_061072.1:10567310-10570228	ERR10934070	Borostomias_antarcticus
N5.HOG0001647	Hypomesus_transpacificus	XM_047032552	NC_061072.1:10567310-10570228	ERR10934071	Borostomias_antarcticus
N5.HOG0001647	Hypomesus_transpacificus	XM_047032552	NC_061072.1:10567310-10570228	ERR10934069	Borostomias_antarcticus
N5.HOG0013514	Clupea_harengus	XM_031565680	NC_045155.1:1101423-1097994	SRR26322996	Clupea_harengus
N5.HOG0013514	Clupea_harengus	XM_031565680	NC_045155.1:1101423-1097994	SRR26322995	Clupea_harengus
N5.HOG0013514	Clupea_harengus	XM_031565680	NC_045155.1:1101423-1097994	SRR32203436	Clupea_harengus
N5.HOG0013514	Clupea_harengus	XM_031565680	NC_045155.1:1101423-1097994	SRR17921806	Hypomesus_transpacificus
N5.HOG0013514	Clupea_harengus	XM_031565680	NC_045155.1:1101423-1097994	SRR17799534	Hypomesus_transpacificus
N5.HOG0013514	Clupea_harengus	XM_031565680	NC_045155.1:1101423-1097994	ERR10934070	Borostomias_antarcticus
N5.HOG0013514	Clupea_harengus	XM_031565680	NC_045155.1:1101423-1097994	ERR10934071	Borostomias_antarcticus
N5.HOG0013514	Clupea_harengus	XM_031565680	NC_045155.1:1101423-1097994	ERR10934069	Borostomias_antarcticus
N5.HOG0013514	Clupea_harengus	XM_042707511	NC_045155.1:5758379-5723056	SRR26322996	Clupea_harengus
N5.HOG0013514	Clupea_harengus	XM_042707511	NC_045155.1:5758379-5723056	SRR26322995	Clupea_harengus
N5.HOG0013514	Clupea_harengus	XM_042707511	NC_045155.1:5758379-5723056	SRR32203436	Clupea_harengus
N5.HOG0013514	Clupea_harengus	XM_042707511	NC_045155.1:5758379-5723056	SRR17921806	Hypomesus_transpacificus
N5.HOG0013514	Clupea_harengus	XM_042707511	NC_045155.1:5758379-5723056	SRR17799534	Hypomesus_transpacificus
N5.HOG0013514	Clupea_harengus	XM_042707511	NC_045155.1:5758379-5723056	ERR10934070	Borostomias_antarcticus
N5.HOG0013514	Clupea_harengus	XM_042707511	NC_045155.1:5758379-5723056	ERR10934071	Borostomias_antarcticus
N5.HOG0013514	Clupea_harengus	XM_042707511	NC_045155.1:5758379-5723056	ERR10934069	Borostomias_antarcticus
N5.HOG0013514	Clupea_harengus	XM_031565905	NC_045155.1:5744694-5737505	SRR26322996	Clupea_harengus
N5.HOG0013514	Clupea_harengus	XM_031565905	NC_045155.1:5744694-5737505	SRR26322995	Clupea_harengus
N5.HOG0013514	Clupea_harengus	XM_031565905	NC_045155.1:5744694-5737505	SRR32203436	Clupea_harengus
N5.HOG0013514	Clupea_harengus	XM_031565905	NC_045155.1:5744694-5737505	SRR17921806	Hypomesus_transpacificus
N5.HOG0013514	Clupea_harengus	XM_031565905	NC_045155.1:5744694-5737505	SRR17799534	Hypomesus_transpacificus
N5.HOG0013514	Clupea_harengus	XM_031565905	NC_045155.1:5744694-5737505	ERR10934070	Borostomias_antarcticus
N5.HOG0013514	Clupea_harengus	XM_031565905	NC_045155.1:5744694-5737505	ERR10934071	Borostomias_antarcticus
N5.HOG0013514	Clupea_harengus	XM_031565905	NC_045155.1:5744694-5737505	ERR10934069	Borostomias_antarcticus
N5.HOG0013514	Clupea_harengus	XM_031565911	NC_045155.1:5777666-5775409	SRR26322996	Clupea_harengus
N5.HOG0013514	Clupea_harengus	XM_031565911	NC_045155.1:5777666-5775409	SRR26322995	Clupea_harengus
N5.HOG0013514	Clupea_harengus	XM_031565911	NC_045155.1:5777666-5775409	SRR32203436	Clupea_harengus
N5.HOG0013514	Clupea_harengus	XM_031565911	NC_045155.1:5777666-5775409	SRR17921806	Hypomesus_transpacificus
N5.HOG0013514	Clupea_harengus	XM_031565911	NC_045155.1:5777666-5775409	SRR17799534	Hypomesus_transpacificus
N5.HOG0013514	Clupea_harengus	XM_031565911	NC_045155.1:5777666-5775409	ERR10934070	Borostomias_antarcticus
N5.HOG0013514	Clupea_harengus	XM_031565911	NC_045155.1:5777666-5775409	ERR10934071	Borostomias_antarcticus
N5.HOG0013514	Clupea_harengus	XM_031565911	NC_045155.1:5777666-5775409	ERR10934069	Borostomias_antarcticus
N5.HOG0013514	Clupea_harengus	XM_031565910	NC_045155.1:5783666-5778402	SRR26322996	Clupea_harengus
N5.HOG0013514	Clupea_harengus	XM_031565910	NC_045155.1:5783666-5778402	SRR26322995	Clupea_harengus
N5.HOG0013514	Clupea_harengus	XM_031565910	NC_045155.1:5783666-5778402	SRR32203436	Clupea_harengus
N5.HOG0013514	Clupea_harengus	XM_031565910	NC_045155.1:5783666-5778402	SRR17921806	Hypomesus_transpacificus
N5.HOG0013514	Clupea_harengus	XM_031565910	NC_045155.1:5783666-5778402	SRR17799534	Hypomesus_transpacificus
N5.HOG0013514	Clupea_harengus	XM_031565910	NC_045155.1:5783666-5778402	ERR10934070	Borostomias_antarcticus
N5.HOG0013514	Clupea_harengus	XM_031565910	NC_045155.1:5783666-5778402	ERR10934071	Borostomias_antarcticus
N5.HOG0013514	Clupea_harengus	XM_031565910	NC_045155.1:5783666-5778402	ERR10934069	Borostomias_antarcticus
N5.HOG0013514	Hypomesus_transpacificus	XM_047045767	NC_061062.1:6326848-6335364	SRR26322996	Clupea_harengus
N5.HOG0013514	Hypomesus_transpacificus	XM_047045767	NC_061062.1:6326848-6335364	SRR26322995	Clupea_harengus
N5.HOG0013514	Hypomesus_transpacificus	XM_047045767	NC_061062.1:6326848-6335364	SRR32203436	Clupea_harengus
N5.HOG0013514	Hypomesus_transpacificus	XM_047045767	NC_061062.1:6326848-6335364	SRR17921806	Hypomesus_transpacificus
N5.HOG0013514	Hypomesus_transpacificus	XM_047045767	NC_061062.1:6326848-6335364	SRR17799534	Hypomesus_transpacificus
N5.HOG0013514	Hypomesus_transpacificus	XM_047045767	NC_061062.1:6326848-6335364	ERR10934070	Borostomias_antarcticus
N5.HOG0013514	Hypomesus_transpacificus	XM_047045767	NC_061062.1:6326848-6335364	ERR10934071	Borostomias_antarcticus
N5.HOG0013514	Hypomesus_transpacificus	XM_047045767	NC_061062.1:6326848-6335364	ERR10934069	Borostomias_antarcticus
N5.HOG0013514	Hypomesus_transpacificus	XM_047045786	NC_061062.1:6299250-6307893	SRR26322996	Clupea_harengus
N5.HOG0013514	Hypomesus_transpacificus	XM_047045786	NC_061062.1:6299250-6307893	SRR26322995	Clupea_harengus
N5.HOG0013514	Hypomesus_transpacificus	XM_047045786	NC_061062.1:6299250-6307893	SRR32203436	Clupea_harengus
N5.HOG0013514	Hypomesus_transpacificus	XM_047045786	NC_061062.1:6299250-6307893	SRR17921806	Hypomesus_transpacificus
N5.HOG0013514	Hypomesus_transpacificus	XM_047045786	NC_061062.1:6299250-6307893	SRR17799534	Hypomesus_transpacificus
N5.HOG0013514	Hypomesus_transpacificus	XM_047045786	NC_061062.1:6299250-6307893	ERR10934070	Borostomias_antarcticus
N5.HOG0013514	Hypomesus_transpacificus	XM_047045786	NC_061062.1:6299250-6307893	ERR10934071	Borostomias_antarcticus
N5.HOG0013514	Hypomesus_transpacificus	XM_047045786	NC_061062.1:6299250-6307893	ERR10934069	Borostomias_antarcticus
N5.HOG0018901	Clupea_harengus	XM_012826723	NC_045166.1:15871664-15870476	SRR26322996	Clupea_harengus
N5.HOG0018901	Clupea_harengus	XM_012826723	NC_045166.1:15871664-15870476	SRR26322995	Clupea_harengus
N5.HOG0018901	Clupea_harengus	XM_012826723	NC_045166.1:15871664-15870476	SRR32203436	Clupea_harengus
N5.HOG0018901	Clupea_harengus	XM_012826723	NC_045166.1:15871664-15870476	SRR17921806	Hypomesus_transpacificus
N5.HOG0018901	Clupea_harengus	XM_012826723	NC_045166.1:15871664-15870476	SRR17799534	Hypomesus_transpacificus
N5.HOG0018901	Clupea_harengus	XM_012826723	NC_045166.1:15871664-15870476	ERR10934070	Borostomias_antarcticus
N5.HOG0018901	Clupea_harengus	XM_012826723	NC_045166.1:15871664-15870476	ERR10934071	Borostomias_antarcticus
N5.HOG0018901	Clupea_harengus	XM_012826723	NC_045166.1:15871664-15870476	ERR10934069	Borostomias_antarcticus
N5.HOG0018901	Clupea_harengus	XM_042709984	NC_045166.1:15883821-15880373	SRR26322996	Clupea_harengus
N5.HOG0018901	Clupea_harengus	XM_042709984	NC_045166.1:15883821-15880373	SRR26322995	Clupea_harengus
N5.HOG0018901	Clupea_harengus	XM_042709984	NC_045166.1:15883821-15880373	SRR32203436	Clupea_harengus
N5.HOG0018901	Clupea_harengus	XM_042709984	NC_045166.1:15883821-15880373	SRR17921806	Hypomesus_transpacificus
N5.HOG0018901	Clupea_harengus	XM_042709984	NC_045166.1:15883821-15880373	SRR17799534	Hypomesus_transpacificus
N5.HOG0018901	Clupea_harengus	XM_042709984	NC_045166.1:15883821-15880373	ERR10934070	Borostomias_antarcticus
N5.HOG0018901	Clupea_harengus	XM_042709984	NC_045166.1:15883821-15880373	ERR10934071	Borostomias_antarcticus
N5.HOG0018901	Clupea_harengus	XM_042709984	NC_045166.1:15883821-15880373	ERR10934069	Borostomias_antarcticus
N5.HOG0018901	Clupea_harengus	XM_042709983	NC_045166.1:15830274-15825384	SRR26322996	Clupea_harengus
N5.HOG0018901	Clupea_harengus	XM_042709983	NC_045166.1:15830274-15825384	SRR26322995	Clupea_harengus
N5.HOG0018901	Clupea_harengus	XM_042709983	NC_045166.1:15830274-15825384	SRR32203436	Clupea_harengus
N5.HOG0018901	Clupea_harengus	XM_042709983	NC_045166.1:15830274-15825384	SRR17921806	Hypomesus_transpacificus
N5.HOG0018901	Clupea_harengus	XM_042709983	NC_045166.1:15830274-15825384	SRR17799534	Hypomesus_transpacificus
N5.HOG0018901	Clupea_harengus	XM_042709983	NC_045166.1:15830274-15825384	ERR10934070	Borostomias_antarcticus
N5.HOG0018901	Clupea_harengus	XM_042709983	NC_045166.1:15830274-15825384	ERR10934071	Borostomias_antarcticus
N5.HOG0018901	Clupea_harengus	XM_042709983	NC_045166.1:15830274-15825384	ERR10934069	Borostomias_antarcticus
N5.HOG0018901	Clupea_harengus	XM_042708796	NC_045160.1:5488403-5490013	SRR26322996	Clupea_harengus
N5.HOG0018901	Clupea_harengus	XM_042708796	NC_045160.1:5488403-5490013	SRR26322995	Clupea_harengus
N5.HOG0018901	Clupea_harengus	XM_042708796	NC_045160.1:5488403-5490013	SRR32203436	Clupea_harengus
N5.HOG0018901	Clupea_harengus	XM_042708796	NC_045160.1:5488403-5490013	SRR17921806	Hypomesus_transpacificus
N5.HOG0018901	Clupea_harengus	XM_042708796	NC_045160.1:5488403-5490013	SRR17799534	Hypomesus_transpacificus
N5.HOG0018901	Clupea_harengus	XM_042708796	NC_045160.1:5488403-5490013	ERR10934070	Borostomias_antarcticus
N5.HOG0018901	Clupea_harengus	XM_042708796	NC_045160.1:5488403-5490013	ERR10934071	Borostomias_antarcticus
N5.HOG0018901	Clupea_harengus	XM_042708796	NC_045160.1:5488403-5490013	ERR10934069	Borostomias_antarcticus
N5.HOG0018901	Hypomesus_transpacificus	XM_047044257	NC_061080.1:3426351-3430168	SRR26322996	Clupea_harengus
N5.HOG0018901	Hypomesus_transpacificus	XM_047044257	NC_061080.1:3426351-3430168	SRR26322995	Clupea_harengus
N5.HOG0018901	Hypomesus_transpacificus	XM_047044257	NC_061080.1:3426351-3430168	SRR32203436	Clupea_harengus
N5.HOG0018901	Hypomesus_transpacificus	XM_047044257	NC_061080.1:3426351-3430168	SRR17921806	Hypomesus_transpacificus
N5.HOG0018901	Hypomesus_transpacificus	XM_047044257	NC_061080.1:3426351-3430168	SRR17799534	Hypomesus_transpacificus
N5.HOG0018901	Hypomesus_transpacificus	XM_047044257	NC_061080.1:3426351-3430168	ERR10934070	Borostomias_antarcticus
N5.HOG0018901	Hypomesus_transpacificus	XM_047044257	NC_061080.1:3426351-3430168	ERR10934071	Borostomias_antarcticus
N5.HOG0018901	Hypomesus_transpacificus	XM_047044257	NC_061080.1:3426351-3430168	ERR10934069	Borostomias_antarcticus
N5.HOG0018901	Hypomesus_transpacificus	XM_047043933	NC_061080.1:2935578-2840913	SRR26322996	Clupea_harengus
N5.HOG0018901	Hypomesus_transpacificus	XM_047043933	NC_061080.1:2935578-2840913	SRR26322995	Clupea_harengus
N5.HOG0018901	Hypomesus_transpacificus	XM_047043933	NC_061080.1:2935578-2840913	SRR32203436	Clupea_harengus
N5.HOG0018901	Hypomesus_transpacificus	XM_047043933	NC_061080.1:2935578-2840913	SRR17921806	Hypomesus_transpacificus
N5.HOG0018901	Hypomesus_transpacificus	XM_047043933	NC_061080.1:2935578-2840913	SRR17799534	Hypomesus_transpacificus
N5.HOG0018901	Hypomesus_transpacificus	XM_047043933	NC_061080.1:2935578-2840913	ERR10934070	Borostomias_antarcticus
N5.HOG0018901	Hypomesus_transpacificus	XM_047043933	NC_061080.1:2935578-2840913	ERR10934071	Borostomias_antarcticus
N5.HOG0018901	Hypomesus_transpacificus	XM_047043933	NC_061080.1:2935578-2840913	ERR10934069	Borostomias_antarcticus
N5.HOG0018901	Hypomesus_transpacificus	XM_047025851	NC_061068.1:15347787-15338094	SRR26322996	Clupea_harengus
N5.HOG0018901	Hypomesus_transpacificus	XM_047025851	NC_061068.1:15347787-15338094	SRR26322995	Clupea_harengus
N5.HOG0018901	Hypomesus_transpacificus	XM_047025851	NC_061068.1:15347787-15338094	SRR32203436	Clupea_harengus
N5.HOG0018901	Hypomesus_transpacificus	XM_047025851	NC_061068.1:15347787-15338094	SRR17921806	Hypomesus_transpacificus
N5.HOG0018901	Hypomesus_transpacificus	XM_047025851	NC_061068.1:15347787-15338094	SRR17799534	Hypomesus_transpacificus
N5.HOG0018901	Hypomesus_transpacificus	XM_047025851	NC_061068.1:15347787-15338094	ERR10934070	Borostomias_antarcticus
N5.HOG0018901	Hypomesus_transpacificus	XM_047025851	NC_061068.1:15347787-15338094	ERR10934071	Borostomias_antarcticus
N5.HOG0018901	Hypomesus_transpacificus	XM_047025851	NC_061068.1:15347787-15338094	ERR10934069	Borostomias_antarcticus
N5.HOG0018901	Hypomesus_transpacificus	XM_047023826	NC_061067.1:9523258-9524916	SRR26322996	Clupea_harengus
N5.HOG0018901	Hypomesus_transpacificus	XM_047023826	NC_061067.1:9523258-9524916	SRR26322995	Clupea_harengus
N5.HOG0018901	Hypomesus_transpacificus	XM_047023826	NC_061067.1:9523258-9524916	SRR32203436	Clupea_harengus
N5.HOG0018901	Hypomesus_transpacificus	XM_047023826	NC_061067.1:9523258-9524916	SRR17921806	Hypomesus_transpacificus
N5.HOG0018901	Hypomesus_transpacificus	XM_047023826	NC_061067.1:9523258-9524916	SRR17799534	Hypomesus_transpacificus
N5.HOG0018901	Hypomesus_transpacificus	XM_047023826	NC_061067.1:9523258-9524916	ERR10934070	Borostomias_antarcticus
N5.HOG0018901	Hypomesus_transpacificus	XM_047023826	NC_061067.1:9523258-9524916	ERR10934071	Borostomias_antarcticus
N5.HOG0018901	Hypomesus_transpacificus	XM_047023826	NC_061067.1:9523258-9524916	ERR10934069	Borostomias_antarcticus
N5.HOG0008885	Clupea_harengus	XM_031562957	NC_045176.1:504385-506415	SRR26322996	Clupea_harengus
N5.HOG0008885	Clupea_harengus	XM_031562957	NC_045176.1:504385-506415	SRR26322995	Clupea_harengus
N5.HOG0008885	Clupea_harengus	XM_031562957	NC_045176.1:504385-506415	SRR32203436	Clupea_harengus
N5.HOG0008885	Clupea_harengus	XM_031562957	NC_045176.1:504385-506415	SRR17921806	Hypomesus_transpacificus
N5.HOG0008885	Clupea_harengus	XM_031562957	NC_045176.1:504385-506415	SRR17799534	Hypomesus_transpacificus
N5.HOG0008885	Clupea_harengus	XM_031562957	NC_045176.1:504385-506415	ERR10934070	Borostomias_antarcticus
N5.HOG0008885	Clupea_harengus	XM_031562957	NC_045176.1:504385-506415	ERR10934071	Borostomias_antarcticus
N5.HOG0008885	Clupea_harengus	XM_031562957	NC_045176.1:504385-506415	ERR10934069	Borostomias_antarcticus
N5.HOG0008885	Hypomesus_transpacificus	XM_047048755	NC_061062.1:1780796-1782463	SRR26322996	Clupea_harengus
N5.HOG0008885	Hypomesus_transpacificus	XM_047048755	NC_061062.1:1780796-1782463	SRR26322995	Clupea_harengus
N5.HOG0008885	Hypomesus_transpacificus	XM_047048755	NC_061062.1:1780796-1782463	SRR32203436	Clupea_harengus
N5.HOG0008885	Hypomesus_transpacificus	XM_047048755	NC_061062.1:1780796-1782463	SRR17921806	Hypomesus_transpacificus
N5.HOG0008885	Hypomesus_transpacificus	XM_047048755	NC_061062.1:1780796-1782463	SRR17799534	Hypomesus_transpacificus
N5.HOG0008885	Hypomesus_transpacificus	XM_047048755	NC_061062.1:1780796-1782463	ERR10934070	Borostomias_antarcticus
N5.HOG0008885	Hypomesus_transpacificus	XM_047048755	NC_061062.1:1780796-1782463	ERR10934071	Borostomias_antarcticus
N5.HOG0008885	Hypomesus_transpacificus	XM_047048755	NC_061062.1:1780796-1782463	ERR10934069	Borostomias_antarcticus
N5.HOG0004480	Clupea_harengus	XM_031565097	NC_045152.1:4832716-4846865	SRR26322996	Clupea_harengus
N5.HOG0004480	Clupea_harengus	XM_031565097	NC_045152.1:4832716-4846865	SRR26322995	Clupea_harengus
N5.HOG0004480	Clupea_harengus	XM_031565097	NC_045152.1:4832716-4846865	SRR32203436	Clupea_harengus
N5.HOG0004480	Clupea_harengus	XM_031565097	NC_045152.1:4832716-4846865	SRR17921806	Hypomesus_transpacificus
N5.HOG0004480	Clupea_harengus	XM_031565097	NC_045152.1:4832716-4846865	SRR17799534	Hypomesus_transpacificus
N5.HOG0004480	Clupea_harengus	XM_031565097	NC_045152.1:4832716-4846865	ERR10934070	Borostomias_antarcticus
N5.HOG0004480	Clupea_harengus	XM_031565097	NC_045152.1:4832716-4846865	ERR10934071	Borostomias_antarcticus
N5.HOG0004480	Clupea_harengus	XM_031565097	NC_045152.1:4832716-4846865	ERR10934069	Borostomias_antarcticus
N5.HOG0004480	Hypomesus_transpacificus	Manual_annotation	NC_061079.1:3801703-3809259	SRR26322996	Clupea_harengus
N5.HOG0004480	Hypomesus_transpacificus	Manual_annotation	NC_061079.1:3801703-3809259	SRR26322995	Clupea_harengus
N5.HOG0004480	Hypomesus_transpacificus	Manual_annotation	NC_061079.1:3801703-3809259	SRR32203436	Clupea_harengus
N5.HOG0004480	Hypomesus_transpacificus	Manual_annotation	NC_061079.1:3801703-3809259	SRR17921806	Hypomesus_transpacificus
N5.HOG0004480	Hypomesus_transpacificus	Manual_annotation	NC_061079.1:3801703-3809259	SRR17799534	Hypomesus_transpacificus
N5.HOG0004480	Hypomesus_transpacificus	Manual_annotation	NC_061079.1:3801703-3809259	ERR10934070	Borostomias_antarcticus
N5.HOG0004480	Hypomesus_transpacificus	Manual_annotation	NC_061079.1:3801703-3809259	ERR10934071	Borostomias_antarcticus
N5.HOG0004480	Hypomesus_transpacificus	Manual_annotation	NC_061079.1:3801703-3809259	ERR10934069	Borostomias_antarcticus
N5.HOG0028899	Clupea_harengus	XM_031582176	NC_045166.1:16200283-16196735	SRR26322996	Clupea_harengus
N5.HOG0028899	Clupea_harengus	XM_031582176	NC_045166.1:16200283-16196735	SRR26322995	Clupea_harengus
N5.HOG0028899	Clupea_harengus	XM_031582176	NC_045166.1:16200283-16196735	SRR32203436	Clupea_harengus
N5.HOG0028899	Clupea_harengus	XM_031582176	NC_045166.1:16200283-16196735	SRR17921806	Hypomesus_transpacificus
N5.HOG0028899	Clupea_harengus	XM_031582176	NC_045166.1:16200283-16196735	SRR17799534	Hypomesus_transpacificus
N5.HOG0028899	Clupea_harengus	XM_031582176	NC_045166.1:16200283-16196735	ERR10934070	Borostomias_antarcticus
N5.HOG0028899	Clupea_harengus	XM_031582176	NC_045166.1:16200283-16196735	ERR10934071	Borostomias_antarcticus
N5.HOG0028899	Clupea_harengus	XM_031582176	NC_045166.1:16200283-16196735	ERR10934069	Borostomias_antarcticus
N5.HOG0028899	Clupea_harengus	XM_042709989	NC_045166.1:16230273-16227955	SRR26322996	Clupea_harengus
N5.HOG0028899	Clupea_harengus	XM_042709989	NC_045166.1:16230273-16227955	SRR26322995	Clupea_harengus
N5.HOG0028899	Clupea_harengus	XM_042709989	NC_045166.1:16230273-16227955	SRR32203436	Clupea_harengus
N5.HOG0028899	Clupea_harengus	XM_042709989	NC_045166.1:16230273-16227955	SRR17921806	Hypomesus_transpacificus
N5.HOG0028899	Clupea_harengus	XM_042709989	NC_045166.1:16230273-16227955	SRR17799534	Hypomesus_transpacificus
N5.HOG0028899	Clupea_harengus	XM_042709989	NC_045166.1:16230273-16227955	ERR10934070	Borostomias_antarcticus
N5.HOG0028899	Clupea_harengus	XM_042709989	NC_045166.1:16230273-16227955	ERR10934071	Borostomias_antarcticus
N5.HOG0028899	Clupea_harengus	XM_042709989	NC_045166.1:16230273-16227955	ERR10934069	Borostomias_antarcticus
N5.HOG0028899	Clupea_harengus	XM_031581960	NC_045166.1:16260114-16263979	SRR26322996	Clupea_harengus
N5.HOG0028899	Clupea_harengus	XM_031581960	NC_045166.1:16260114-16263979	SRR26322995	Clupea_harengus
N5.HOG0028899	Clupea_harengus	XM_031581960	NC_045166.1:16260114-16263979	SRR32203436	Clupea_harengus
N5.HOG0028899	Clupea_harengus	XM_031581960	NC_045166.1:16260114-16263979	SRR17921806	Hypomesus_transpacificus
N5.HOG0028899	Clupea_harengus	XM_031581960	NC_045166.1:16260114-16263979	SRR17799534	Hypomesus_transpacificus
N5.HOG0028899	Clupea_harengus	XM_031581960	NC_045166.1:16260114-16263979	ERR10934070	Borostomias_antarcticus
N5.HOG0028899	Clupea_harengus	XM_031581960	NC_045166.1:16260114-16263979	ERR10934071	Borostomias_antarcticus
N5.HOG0028899	Clupea_harengus	XM_031581960	NC_045166.1:16260114-16263979	ERR10934069	Borostomias_antarcticus
N5.HOG0028899	Hypomesus_transpacificus	XM_047031800	NC_061072.1:7359828-7356393	SRR26322996	Clupea_harengus
N5.HOG0028899	Hypomesus_transpacificus	XM_047031800	NC_061072.1:7359828-7356393	SRR26322995	Clupea_harengus
N5.HOG0028899	Hypomesus_transpacificus	XM_047031800	NC_061072.1:7359828-7356393	SRR32203436	Clupea_harengus
N5.HOG0028899	Hypomesus_transpacificus	XM_047031800	NC_061072.1:7359828-7356393	SRR17921806	Hypomesus_transpacificus
N5.HOG0028899	Hypomesus_transpacificus	XM_047031800	NC_061072.1:7359828-7356393	SRR17799534	Hypomesus_transpacificus
N5.HOG0028899	Hypomesus_transpacificus	XM_047031800	NC_061072.1:7359828-7356393	ERR10934070	Borostomias_antarcticus
N5.HOG0028899	Hypomesus_transpacificus	XM_047031800	NC_061072.1:7359828-7356393	ERR10934071	Borostomias_antarcticus
N5.HOG0028899	Hypomesus_transpacificus	XM_047031800	NC_061072.1:7359828-7356393	ERR10934069	Borostomias_antarcticus
N5.HOG0019111	Clupea_harengus	XM_031577666	NC_045163.1:6847032-6852103	SRR26322996	Clupea_harengus
N5.HOG0019111	Clupea_harengus	XM_031577666	NC_045163.1:6847032-6852103	SRR26322995	Clupea_harengus
N5.HOG0019111	Clupea_harengus	XM_031577666	NC_045163.1:6847032-6852103	SRR32203436	Clupea_harengus
N5.HOG0019111	Clupea_harengus	XM_031577666	NC_045163.1:6847032-6852103	SRR17921806	Hypomesus_transpacificus
N5.HOG0019111	Clupea_harengus	XM_031577666	NC_045163.1:6847032-6852103	SRR17799534	Hypomesus_transpacificus
N5.HOG0019111	Clupea_harengus	XM_031577666	NC_045163.1:6847032-6852103	ERR10934070	Borostomias_antarcticus
N5.HOG0019111	Clupea_harengus	XM_031577666	NC_045163.1:6847032-6852103	ERR10934071	Borostomias_antarcticus
N5.HOG0019111	Clupea_harengus	XM_031577666	NC_045163.1:6847032-6852103	ERR10934069	Borostomias_antarcticus
N5.HOG0019111	Clupea_harengus	XM_031577667	NC_045163.1:6854438-6859054	SRR26322996	Clupea_harengus
N5.HOG0019111	Clupea_harengus	XM_031577667	NC_045163.1:6854438-6859054	SRR26322995	Clupea_harengus
N5.HOG0019111	Clupea_harengus	XM_031577667	NC_045163.1:6854438-6859054	SRR32203436	Clupea_harengus
N5.HOG0019111	Clupea_harengus	XM_031577667	NC_045163.1:6854438-6859054	SRR17921806	Hypomesus_transpacificus
N5.HOG0019111	Clupea_harengus	XM_031577667	NC_045163.1:6854438-6859054	SRR17799534	Hypomesus_transpacificus
N5.HOG0019111	Clupea_harengus	XM_031577667	NC_045163.1:6854438-6859054	ERR10934070	Borostomias_antarcticus
N5.HOG0019111	Clupea_harengus	XM_031577667	NC_045163.1:6854438-6859054	ERR10934071	Borostomias_antarcticus
N5.HOG0019111	Clupea_harengus	XM_031577667	NC_045163.1:6854438-6859054	ERR10934069	Borostomias_antarcticus
N5.HOG0019111	Clupea_harengus	XM_031578285	NC_045163.1:6862532-6866048	SRR26322996	Clupea_harengus
N5.HOG0019111	Clupea_harengus	XM_031578285	NC_045163.1:6862532-6866048	SRR26322995	Clupea_harengus
N5.HOG0019111	Clupea_harengus	XM_031578285	NC_045163.1:6862532-6866048	SRR32203436	Clupea_harengus
N5.HOG0019111	Clupea_harengus	XM_031578285	NC_045163.1:6862532-6866048	SRR17921806	Hypomesus_transpacificus
N5.HOG0019111	Clupea_harengus	XM_031578285	NC_045163.1:6862532-6866048	SRR17799534	Hypomesus_transpacificus
N5.HOG0019111	Clupea_harengus	XM_031578285	NC_045163.1:6862532-6866048	ERR10934070	Borostomias_antarcticus
N5.HOG0019111	Clupea_harengus	XM_031578285	NC_045163.1:6862532-6866048	ERR10934071	Borostomias_antarcticus
N5.HOG0019111	Clupea_harengus	XM_031578285	NC_045163.1:6862532-6866048	ERR10934069	Borostomias_antarcticus
N5.HOG0019111	Hypomesus_transpacificus	XM_047049897	NC_061085.1:4542672-4552302	SRR26322996	Clupea_harengus
N5.HOG0019111	Hypomesus_transpacificus	XM_047049897	NC_061085.1:4542672-4552302	SRR26322995	Clupea_harengus
N5.HOG0019111	Hypomesus_transpacificus	XM_047049897	NC_061085.1:4542672-4552302	SRR32203436	Clupea_harengus
N5.HOG0019111	Hypomesus_transpacificus	XM_047049897	NC_061085.1:4542672-4552302	SRR17921806	Hypomesus_transpacificus
N5.HOG0019111	Hypomesus_transpacificus	XM_047049897	NC_061085.1:4542672-4552302	SRR17799534	Hypomesus_transpacificus
N5.HOG0019111	Hypomesus_transpacificus	XM_047049897	NC_061085.1:4542672-4552302	ERR10934070	Borostomias_antarcticus
N5.HOG0019111	Hypomesus_transpacificus	XM_047049897	NC_061085.1:4542672-4552302	ERR10934071	Borostomias_antarcticus
N5.HOG0019111	Hypomesus_transpacificus	XM_047049897	NC_061085.1:4542672-4552302	ERR10934069	Borostomias_antarcticus
